Component,Description ,Category
301001,,resin
RM067,,colorant
RM077,,colorant
FS20005712,,Formula Sheet
RM129,RESIN PP TOTAL 4720WZ,resin
RM093,"RESIN, IMPACT PP, #5325",resin
RM160,"RESIN, POLYPROPYLENE",resin
FS10017466,,Formula Sheet
EXP6021,"Ink Cartridge, Imaje No. 9154E-4",PRINTER ACCESSORIES
PT00004155,"Label, Plain White, for the 1170/1155 Lot Gun, Marteck P/ FT-708",label stock
EXP5013,"Container, Closing Tape 2 Inch, Clear Polreylene",packaging
PT00009994,"Silicone Fluid, DOW CORNING Number 360, 12500 centiStokes",SILICON FLUID
X9901,"Ink Thinner, VD Trans Tech Part Number 1201011",PRINTER ACCESSORIES
EXP6001,"Rubber Band, No. 12",packaging
FS10013527,,Formula Sheet
4101801,TIP 12 CC RAYCO WG2714 RUBBER TIP,rubber tip
EXP1020,"Ink, Black, CAPEX 7600",PRINTER ACCESSORIES
4001801,"Rubber Tip, 12 mL, Latex Free",rubber tip
4230505,"Ink, Black, Trans Tech PM 1, RNT Vendor PN: 1351366",PRINTER ACCESSORIES
FS20004491,,Formula Sheet
5241008,"Unprinted Label Stock, Thermal, 4 Inch x 8 Inch",label stock
5500149,"Corrugated Case, Unprinted, 16.75 Inch x 14.125 Inch x 11.125 Inch",packaging
0301001,"Resin, Polypropylene PF 535",resin
400145,"Colorant, Lavender, Opaque, Concentrate",colorant
5000109,"Gusseted Polybag, Unprinted, 24 Inch x 38 Inch x 16 Inch (Width x Length x Gusset)",packaging
RM157,"RESIN, POLYPROPYLENE,",resin
FS10002904,,Formula Sheet
X98140,BLACK PAD INK,PRINTER ACCESSORIES
X98141,RED PAD INK,PRINTER ACCESSORIES
X98142,THINNER FOR PAD PRINTING,PRINTER ACCESSORIES
X98146,ADDITIVE FOR PAD PRINTER,PRINTER ACCESSORIES
FS10002956,,Formula Sheet
FS10002902,,Formula Sheet
FS10002903,,Formula Sheet
CL63R1778,"Corrugate Partition, 25.00 Inch x 10.50 Inch",packaging
CL63R1777,"Corrugated Insert, Unprinted, 37.875 Inch x 10.625 Inch",packaging
CL63R1776,"Corrugate Case, Printed, 25.25 Inch x 11.00 Inch x 21.50 Inch",packaging
FS10002960,,Formula Sheet
RM171,"Resin, Random PP Co-P RP4915",resin
RM106,RESIN RANDOM PP CO-P #6824MZ,resin
RM004,"RESIN, RANDOM PP, R35C-01",resin
RM032,"TRANS RED, 50/1, #RPC-2226B",resin
FS10002835,,Formula Sheet
PT00052701,Liquid Trans Red,colorant
RM170,"Colorant, Trans-Red, 50/1, PP32760698",colorant
CL63R98334A,"(Cove) Printed Insert, SHARPSTAR IN-ROOM Containers",ifu
R4415,"Overshipper Label, Unprinted, 4 Inch X 8 Inch",label stock
FS10003086,,Formula Sheet
PT00006610,"(COV) Printed Product Label, Generic, Biohazard Waste Disposal Container, UDI Compliant",ifu
RM220,YELLOW LIQUID #PP13642468,colorant
RM026,"YELLOW, 25/1, PP, #YPC-3159-B",colorant
FS10002898,,Formula Sheet
PT00062563,Yellow Liquid Colorant,colorant
WP8935,12 GA HEAT STK LID DOOR &RAILS,lid assembly
R1700,"Scored Lid Retention Insert, 18 Gallon B Tool, Unprinted",packaging
R1690,"Corrugated Case, Unprinted, 18.750 Inch x 12.375 Inch x 42.6875 Inch",packaging
CL63R9881A,"(COV) Printed Insert, Instruction Sheet, Lid, Biohazard Container, Various Reorder Nos.",ifu
FS10003187,,Formula Sheet
PT00006635,"COV) Product Label, Printed, Biohazard, Sharps Containers, Various Reorder Nos. UDI Compliant",ifu
EXP5050,"Printing Ribbon, Black, 8.66 Inch x 1476 Feet",PRINTER ACCESSORIES
4006202,"Plunger Tip, 12mL, Smooth, Black, Latex Free",rubber tip
FS10028544,,Formula Sheet
WP7102,"Slide Top Lid Assembly, 1and 2 Gallon",lid assembly
FS10002811,,Formula Sheet
PT00065936,Red Liquid Colorant,colorant
RM054,"Colorant, Red, Concentrate",packaging
R1698,"Corrugated Divider, Unprinted, 33.625 Inch x 20.25 Inch",packaging
R1528A,"Corrugated Case, Printed, Generic, 20.375 Inch x 14.0 Inch x 15.75 Inch",packaging
RM165,"Resin,  Greenwood blend, Pre - colored Red",resin
FS20001496,,Formula Sheet
FS10026364,,Formula Sheet
PT00033501,"Printed Insert, SHARPS-A-GATOR Sharps Container with Slide Top",ifu
PT00006643,"(COV) Printed Product Label, Generic, Biohazard Waste Disposal Container SHARPS-A-GATOR, Various Reorder Nos. UDI Compliant",ifu
301009,"Resin, Clarified Polypropylene, Grade P5M6K-080",resin
DC00005093,,Formula Sheet
5510509,"Corrugated Case, Unprinted, 16.75 Inch x 14.125 Inch x 8.5 Inch",packaging
PT00006657,"Folding Carton, Printed, MONOJECT 10 mL Oral Syringe, CE Mark, UDI Compliant",PRINTER ACCESSORIES
PT00006674,"(COV)  Blank Label, 3 x1",label stock
5000231,"Gusseted Polybag, Unprinted, 13.5 Inch x 14.25 Inch x 5.5 Inch",packaging
7777129656,,tip cap
4220125,"Print Tape, Black, 3 Inch Wide, B215SL",PRINTER ACCESSORIES
PT00033969,"Ink, Black, CAPEX 9100 Dense",PRINTER ACCESSORIES
FS10017988,,Formula Sheet
FS20003116,,Formula Sheet
FS10013524,,Formula Sheet
FS10023269,,Formula Sheet
5500148,"Corrugated Case, Unprinted, 18 Inch x 13 Inch x 17 Inch",packaging
FS10022250,,Formula Sheet
DC00056758,,Formula Sheet
4001204,"Smooth Rubber Tip with Trim, 12 mL, Latex Free, Kokoku",rubber tip
5170588,"Poly Bag, Gusseted, 22.5 Inch x 16.25 Inch x 42.00 Inch",packaging
5542735,"Corrugated Case, Unprinted, 21-5/8 Inch x 15-1/4 Inch x 11-1/2 Inch",packaging
FS10002889,,Formula Sheet
FS10002890,,Formula Sheet
FS10002891,,Formula Sheet
FS10002952,,Formula Sheet
FS10002974,,Formula Sheet
FS10002847,,Formula Sheet
CL63R1779,"Corrugated Case, Unprinted, 22.00 Inch x 14.00 Inch x 20.5 Inch",packaging
CL63R1780,"Corrugate4d Insert, Unprinted, 37.5 Inch x 20.5 Inch",packaging
FS10003137,,Formula Sheet
FS10020754,,Formula Sheet
PT00015631,"Folding Carton, Printed, MONOJECT 12 mL Syringe, Curved Tip (412), UDI Compliant",packaging
PT00033972,"Ink, Black, ColorBond UV SPM V6 PN: 1460566-01LT, Reorder# D-831-0036",PRINTER ACCESSORIES
CL63R1706,"Corrugated Case, Printed, NovaPlus, 24.625 Inch x 13.875 Inch x 20.500 Inch",packaging
FS10002997,,Formula Sheet
FS10003253,,Formula Sheet
R8550,8529 TRAY/HOLDER FOR 8520/8525,TRAY
R98180,"FOAM TAPE - 2 X 7-1/4""",packaging
R9249D,Overshipper for 8529,packaging
FS10003128,,Formula Sheet
RM074,UNIVERSAL BLACK CONCENTRATE,colorant
RM168,"Regrid Resin, Polypropylene Blend, Dark",resin
FS10023532,,Formula Sheet
WP8982,"Foam in Place Gasketed Lid, Hinged, 2 Gallon, White",lid
PT00005149,"(COV) Printed Insert, RCRA Waste Disposal Containers, Various Reorder Nos.",ifu
WP0001PKG,"Label Kit, 20 Count",label kit
FS10023531,,Formula Sheet
PT00006651,"(COV) Product Label, RCRA Hazardous Waste, Various Reorder Nos. UDI Compliant",ifu
FS20001163,,Formula Sheet
PT00006688,"COV) Product Label, Universal Pharmaceutical Hazardous Waste PART NO: CL63R4423A UDI Compliant",ifu
PT00067914,"Printed Instruction for Use (IFU), Universal Pharmaceutical  Waste Disposal Containers, Hinged Lid with Snap Cap",ifu
WP7417P,"Slide Top, Foam In Place Lid, 12 and 18 Gallon Container, PGII",lid assembly
RM176,"Resin, Polypropylene Impact Copolymer, Braskem TI6350WV",resin
FS10028183,,Formula Sheet
R5097,"Absorbent Pads, Large, 9-7/8 Inch x 5-5/8 Inch",pad
R1292D,"Corrugate Case, Printed, Generic, Sharps and Chemotheraoy Waste Containers",packaging
FS10003749,,Formula Sheet
PT00006653,"Product Label, Printed, CHEMOMAX Regulated Medical Waste Container UDI Compliant",ifu
PT00012137,"Printed Insert, Instruction Sheet, SHARPSAFETY Chemotherapy Container and Sharps Container, Various Reorder No.",ifu
FS10006125,,Formula Sheet
PT00065939,Trans Yellow Liquid Colorant,colorant
RM260,TRANS YELLOW #PP11710084,colorant
FS10006098,,Formula Sheet
PT00067913,"Printed Instruction for Use (IFU) , SHARPS-A-GATOR, Sharps Containers with Counterbalance Lid, Various Reorder Nos.",ifu
PT00075579,"Gatorguard, Lid Assembly for 2 Gallon and 3 Gallon",lid assembly
EXP6020,GLUE 34-25 HM160,packaging
EXP6029,"Thermal Transfer Ribbon, General Wax, 4.33 Inch",PRINTER ACCESSORIES
FS10024556,,Formula Sheet
PT00033970,"Ink, Black, Bell-Mark IJ1910",PRINTER ACCESSORIES
EXP6027,"Ink Thinner, Apex Pad Printer, Capex 76F",PRINTER ACCESSORIES
RM025,"GREEN, 25/1, PP, #GHC-23793",colorant
RM154,RED IN-HOUSE REGRIND FOR MW,resin
FS10006443,,Formula Sheet
CL63R98355,"(COV) Printed Insert, SHARPSAFETY Non-Infectious Glass Waste",ifu
FS10006442,,Formula Sheet
PT00006671,"(COV) Product Label, Printed, Non-Infectious Glass Waste Disposal Container UDI Compliant",ifu
PT00016495,"HINGED CHEMO LID, 12 & 18 GAL",lid assembly
FS10006124,,Formula Sheet
FS10006090,,Formula Sheet
PT00033971,"Ink, Solvent X, Black, Bell Mark IJ5030",PRINTER ACCESSORIES
PT00055729,"Print Clich√©, Biohazard Label for SHARP SAFETY Sharps Container, Black Portion",label stock
PT00062605,"Print Clich√©, Biohazard Label for Sharps Container, Orange Portion",label stock
X98151,ORANGE PAD INK,PRINTER ACCESSORIES
WP8980-C,8 Gallon Locking Rotor Lid,lid assembly
R1644A,"Corrugated Case, Printed, Generic, 19-3/8 Inch x 15-1/8 Inch x 21-7/8 Inch",packaging
FS20001579,,Formula Sheet
FS10003210,,Formula Sheet
PT00012105,"Printed Insert, Instruction Sheet, SHARPSAFETY Hinged Lid Sharps Containers, Various Reorder No.",ifu
DC00078714,,Formula Sheet
FS10011725,,Formula Sheet
FS10002848,,Formula Sheet
FS10003139,,Formula Sheet
FS10006131,,Formula Sheet
FS10006111,,Formula Sheet
PT00069525,"Gatorguard, Lid Assembly for 5 Quart",lid assembly
PT00055730,"Print Clich√©, Biohazard Label for SHARP-A-GATOR Sharps Container, Black Portion",label stock
FS10006130,,Formula Sheet
FS10006109,,Formula Sheet
FS10002909,,Formula Sheet
FS10002910,,Formula Sheet
CL63R4153,"(COV) Product Label, Printed, Generic, Waste Disposal Container, Various Reorder Nos.",ifu
R1378B,"Corrugated Case, Printed, Generic, 21.0 Inch x 10.125 Inch x 8.8125 Inch",packaging
FS10003077,,Formula Sheet
PT00052518,"(COV) Printed Insert, 1 Quart Transportable Container, Reorder Nos. 8303BY and 8303SA",ifu
WP8520N02,COWL/DOOR & LID ASSEM CLEAR,lid assembly
FS10002864,,Formula Sheet
R1308D,"Corrugated Case, Printed, Generic, 23.5 Inch x 14.125 Inch x 13.875 Inch",packaging
R1075,Z-PAD FOR 85321R,PAD
CL63R9870B,"(Cov) Printed Insert, Instruction Sheet,  IN-ROOM Sharps Lids",ifu
FS10003132,,Formula Sheet
R1800,"Corrugated Divider, Unprinted, 44.17 Inch x 9.75 Inch",packaging
R1704,O/S FOR THE SHARP STAR II,packaging
R1705,SHARP STAR II INSERT DIVIDER,packaging
FS10003134,,Formula Sheet
FS10006118,,Formula Sheet
FS10006080,,Formula Sheet
WP851201N,LID/DOOR SCOOP ASSY 5QT,lid assembly
R1035,"Corrugated Divider, Unprinted, 33-1/8 Inch x 20-3/4 Inch",packaging
R1320D,"Corrugated Case, Printed, Generic, 24-7/8 Inch x 17-1/4 Inch x 10-7/8 Inch",packaging
FS10003099,,Formula Sheet
5510301,"Corrugated Case, Unprinted, 16.312 Inch x 12.938 Inch x 11 Inch",packaging
FS10011723,,Formula Sheet
PT00015857,"Folding Carton, Printed, MONOJECT 12 mL Syringe, Luer Lock Tip UDI Compliant",packaging
EXP6026,"INK, MAKE-UP, FLUID, MARKEM-IMAJE P/N 8188",PRINTER ACCESSORIES
FS10002834,,Formula Sheet
FS10003084,,Formula Sheet
WP8526,"Hinged Lid with Rotor, 3 Gallon, Clear",lid assembly
FS10002865,,Formula Sheet
R1317D,Overshipper 25 Gallon Generic for 8535,packaging
FS10003136,,Formula Sheet
WP8512U,"Lid, Door, Scoop Assmebly, 5 Quart Unwind",lid assembly
FS10002836,,Formula Sheet
FS10003095,,Formula Sheet
WP8985,"Foam in Place Gasketed Lid, Single Pass, 8 Gallon",lid assembly
FS10002825,,Formula Sheet
PT00013692,"Gasketed Lid, Single Pass, 8 Gallon",lid assembly
FS10003221,,Formula Sheet
PT00006646,"(COV) Product Label, Printed, Generic, CHEMOSAFETY Waste Disposal Container UDI Compliant",ifu
PT00012138,"Printed Insert, Instruction Sheet, SHARPSAFETY Gasketed Hinged Lid Sharps and Chemotherapy Containers, Various Reorder No.",ifu
FS10003085,,Formula Sheet
FS10003140,,Formula Sheet
FS10002849,,Formula Sheet
WP8520N,COWL/DOOR & LID ASSEM CLEAR,lid assembly
FS10003117,,Formula Sheet
CL63R1784,"Corrugated Carton, Unprinted, 21.875 Inch X 18.625 Inch",packaging
FS10003126,,Formula Sheet
PT00049845,Corrugated Case 14.375? X 13.375? X 23?,packaging
PT00049846,Corrugated Pad 14.25? x 23?,packaging
FS10003094,,Formula Sheet
PT00015840,"Folding Carton, Printed, MONOJECT 12 mL Syringe, Regular Tip, UDI Compliant",packaging
FS10017465,,Formula Sheet
PT00006682,"Folding Carton, Printed, MONOJECT 10 mL Oral Syringe, Amber, CE Mark, UDI Compliant",packaging
420650,"Resin Concentrate, Milliken Clear Tint PP Amber 6298",resin
FS10012536,,Formula Sheet
CL63R1767A,Overshipper for V8506,packaging
FS10029861,,Formula Sheet
FS10029846,,Formula Sheet
FS10017237,,Formula Sheet
CM285160000,Unit Box 12ml Soft Pack printed - Covidien,packaging
5030483,"Shrink Film, Polyethylene, High Strength, Natural Color, 30.0 inch",packaging
5170406,"Paper, Perfecseal 35733K, 587 mm Wide, 3 mil",packaging
5170969,"PerfecSeal Film, 30653-EE, 7 mil, 607 mm",packaging
5241006,"Thermal Transfer Label Roll, Unprinted, White, 4 Inch Length x 6 Inch Width",label stock
5241008R,Label 4 x 8 No Perferation,label stock
5510320,"Corrugated Case, Unprinted, 17.438 Inch x 11.063 Inch x 11.438 Inch",packaging
FS10021591,,Formula Sheet
5170114,"Header Bag, TYVEK, Unprinted, 10 Inch x 20 Inch, Clear",packaging
WP7605,ASSMBLY 5QT CLR TORTUOUS LID,lid assembly
FS10006075,,Formula Sheet
R1680,PARTITION FOR 5 QT & 2-1/2 GAL,packaging
R1679,PAD FOR 5 QT. & 2-1/2 QT,PAD
R1681,PARTITION  FOR 2-1/2 & 5 QT,packaging
CL63R98407A,"(COV) Printed Insert, Instruction Sheet, 2-1/2 and 5 Qurat Containers",ifu
PT00005527,"Corrugated Partition, Unassembled, Unprinted, 16.625 Inch x 13.5 Inch",packaging
PT00005525,"Corrugated Case, Unprinted, Generic, 23 Inch x 13.625 Inch x 32 Inch",packaging
FS10006050,,Formula Sheet
EXP5001,"Case Sealing Tape, 3 Inch, Clear, Reinforced",packaging
5151171,"Folding Carton, Unprinted, 8.25 Inch x 5.5 Inch x 8.25 Inch",packaging
5241005,"Thermal Transfer Label, Roll, Unprinted, White, 5 Inch Length x 4 Inch Width",label stock
FS10026577,,Formula Sheet
CL63RR98416,Insert Sheet for 1 and 2 Gallon Private Label,ifu
FS10007067,,Formula Sheet
PT00046937,"Overshipper Label, Preprinted with Fisherbrand Logo",label
PT00047930,"Product Label, Printed, Fisherbrand (Private Label) 1 Quart Phlebotomy Container, UDI Compliant, Various Reorder Nos.",label
WP8998,"FIP Gasketed Lid, Hinged, Chemotherapy, 18 Gallon",lid assembly
FS10002870,,Formula Sheet
PT00013702,"Gasketed Lid, Hinged, Chemotherapy, 18 Gallon",lid assembly
FS10003177,,Formula Sheet
FS10002893,,Formula Sheet
R7013,"Rotor, White",lid component rotor
FS10002953,,Formula Sheet
FS10002892,,Formula Sheet
R1149,"Corrugated Inner Carton, Unprinted, 12-3/4 Inch x 4-3/4 Inch x 15 Inch",packaging
R1302D,"Corrugated Case, printed, Generic, 29.625 Inch X 13.125 Inch X 15.0 Inch",packaging
CL63R9962A,"(COV) Printed Insert, Sharps Disposal Containers with Rotor Openings and AUTODROP Funnels",ifu
FS10003045,,Formula Sheet
FS10002821,,Formula Sheet
R1481B,Overshipper for 8958,packaging
FS10003191,,Formula Sheet
WP8979,See Thru Lid and Lock with Rotor Attached,lid assembly
CL63R9876B,"(COV) Printed Insert, Instruction Sheet, Rotor Lid, Sharps Containers",ifu
FS10003203,,Formula Sheet
3154021,"Barrel, 12 mL, SR, P5M6K-080",barrel
WP7450BL,"Hot Air Staker PharmaSafety Lid, 8 Gallon",lid assembly
FS10002824,,Formula Sheet
RM020,"WHITE,25/1, PP #WPC-3504",resin
PT00065942,White Liquid Colorant,colorant
R4226A,"Product Label, Printed, 2-1/4 Inch x 3-5/8 Inch, PharmaSafety Containers",label
CL63R98234,"(COV) Printed Insert, Instruction Sheet, PHARMASAFETY Containers",ifu
FS10021628,,Formula Sheet
PT00006652,"(COV) Product Label, Printed, 5.0 Inch x 6.75 Inch, PHARMASAFETY Containers, Various Reorder Nos. UDI Compliant",label
FS10003118,,Formula Sheet
FS20001578,,Formula Sheet
WP7483,12/18 GA BIO LID ASSM,lid assembly
FS10002896,,Formula Sheet
FS10003231,,Formula Sheet
WP8510,LID/DOOR ASSEMBLED,lid assembly
FS10002827,,Formula Sheet
R1324D,Overshipper for 85021,packaging
CL63R9869A,"(COV) Printed Insert, IN-ROOM Sharps Disposal Units with Flap Doors, Various Reorder Nos.",ifu
FS10003083,,Formula Sheet
WP7449,"Hotair Staked Chemotherapy Lid, 8 Gallon",lid assembly
FS10021637,,Formula Sheet
WP0002PKG,"Label Kit, 5 Count",label kit
FS20001166,,Formula Sheet
PT00067917,"Printed Instruction for Use (IFU), Universal Pharmaceutical  Waste Disposal Containers, Slide Lid",ifu
WP7026,1 Quart 8900 Lid Packed into Inner Carton,packaging
FS10002807,,Formula Sheet
CL63R1796,"Corrugated Case, Printed, Generic, 20.25 Inch x 14.75 nch x 17.50 Inch",packaging
CL63R98337A,"(COV) Printed Insert, Phlebotomy 1 Quart Sharps Container",ifu
FS10003166,,Formula Sheet
R5098,"Absorbent Pads,¬†Small, 7-7/8 Inch x 3-1/4 Inch",PAD
CL63R9960A,"(COV) Printed Insert, Sharps Disposal System, Various Reorder Nos",ifu
FS10028277,,Formula Sheet
PT00006655,"(COV) Product Label, Printed, Canada, CHEMOSAFETY Waste Disposal Container, Various Reorder Nos. UDI Compliant",ifu
CL63R4445,"(COV) Product Label, Printed, Canada, CHEMOSAFETY Waste Disposal Container, Various Reorder Nos.",ifu
FS10028282,,Formula Sheet
FS10017441,,Formula Sheet
WP7417,"Hot Air Staker Chemotherapy Lid, 12/18 Gallon",lid assembly
FS10003188,,Formula Sheet
FS10026366,,Formula Sheet
PT00034301,"Label, Printed, Biohazard, McKesson Waste Disposal Container, Reorder No. 047",label
PT00034377,"Instructions for Use (IFU) Insert, 2 Gallon, McKesson Private Label",ifu
FS10006070,,Formula Sheet
FS10006055,,Formula Sheet
PT00033502,Insert Sheet for 2-1/2 and 5 Quart,ifu
FS10003226,,Formula Sheet
WP8998P,"FIP Gasketed Lid, Hinged, 12 and 18 Gallon Container, PGII",lid assembly
FS10028185,,Formula Sheet
PT00013694,"Gasketed Lid, Hinged, 12 and 18 Gallon Container, PGII",lid assembly
FS10003741,,Formula Sheet
FS10028184,,Formula Sheet
FS10003738,,Formula Sheet
PT00006650,"(COV) Product Label, BIOMAX Regulated Medical Waste Container, Reorder Nos. 8998PG2, 8998SPG2, 8997PG2, 8997SPG2, 8932PG2, and 8936PG2 UDI Compliant",ifu
WP3204,"Snap Cap and Lid Assembly, Biohazard",lid assembly
FS10003229,,Formula Sheet
FS20006457,,Formula Sheet
PT00055216,"Insert Sheet, Printed, Enteral Syringe, Various Reorder No.",ifu
CL63R1794,"Unit Box, Project Free",packaging
R7642B,"Barrel, 12 mL",barrel
R98399A,"Printed Insert, Generic, Sharps Container, Various Reorder Nos.",ifu
R1565B,Overshipper for 7 & 10 Gallon,packaging
WP4810,"Lid and Door Assembly, 7 and 10 Gallon Containers",lid assembly
RM112,POLYPROPYLENE COPOLYMER MEDIUM,packaging
FS10006154,,Formula Sheet
FS10006139,,Formula Sheet
R1246D,"Corrugated Case, Printed, Generic, 25.375 Inch x 14.25 Inch x 10.6875 Inch",packaging
FS10003096,,Formula Sheet
WP8965N,"Cowl and Lid Assembly, Clear",lid assembly
R2000,"Corrugated Divider, Unprinted, 40-3/4 Inch x 33-3/4 Inch",packaging
R1300D,"Corrugated Case, Printed, Generic, 20.25 Inch x 17.0 Inch x 21.0 Inch",packaging
FS10003196,,Formula Sheet
R8534,8974 TRAY/HOLDER FOR 2GAL CONT,TRAY
R98179,"FOAM TAPE 4"" X 4""",packaging
R9801,ANTI SLIP TAPE FOR 8974,packaging
R1025D,"Corrugated Case, Printed, Generic, 11.5 Inch x 8.0 Inch x 6.5 Inch",packaging
FS10003206,,Formula Sheet
CL63R1770A,"Overshiper for NOVA PLUS, Product Code V8938",packaging
FS10029847,,Formula Sheet
FS10002920,,Formula Sheet
RM201,"COLORANT, RED LIQUID COLOR FOR",colorant
FS10002799,,Formula Sheet
FS10002983,,Formula Sheet
R1057,H-DIVIDER FOR 8950SA,packaging
R1306D,"Corrugated Case, Printed, Generic",packaging
FS10003190,,Formula Sheet
PT00068806,"Product Label, Printed, Biohazard, Sharps Container Small Volume,Various Reorder Nos. UDI Compliant",label
WP7026P,"1 Quart 8900 Lid Packed Into Inner Carton for PREVENT, Private label",packaging
CL63R1771,"Corrugated Case, Printed, Generic, 20.25 Inch X 13.875 Inch X 14.75 Inch",packaging
FS20001323,,Formula Sheet
PT00034305,"Instructions for Use (IFU) Insert, McKesson, Private Label Phlebotomy Sharps Containers Reorder No. 065",ifu
PT00034306,"Label,  Printed, McKesson, Private label, BioHazard Waste Disposal Containers Reorder No. 065",label
R1567,"Corrugated Divider, Unprinted, 36 Inch x 16-3/8 Inch",packaging
FS10006156,,Formula Sheet
CL63R98396A,"(Cov) Printed Insert, Generic,      SHARPS-A-GATOR Sharps Container",ifu
FS10006137,,Formula Sheet
PT00067912,"Printed Instruction for Use (IFU), Generic, SHARPS-A-GATOR Sharps Container",ifu
FS10028977,,Formula Sheet
PT00006673,"Folding Carton, Printed, KANGAROO Purple Enteral Feeding Syringe, 10mL, UDI Compliant",packaging
WP8836P,"PharmaSafety Lid, Door and Cowl",lid assembly
FS10021547,,Formula Sheet
FS10006504,,Formula Sheet
PT00068805,"Product Label, Printed, Generic, SHARP SAFETY Waste Disposal Container UDI Compliant",label
CL63R98482,"Printed Insert, Instruction Sheet, Non-Hazardous, Non-Biohazard, Pharmaceutical Waste Containers,Various Reorder Nos.",ifu
WP8836PNB,"Pharmaceutical, Non Hazardous, Non Biohazard, Lid, Door and Cowl",lid assembly
FS20002476,,Formula Sheet
PT00006677,"Product Label, Printed, Non-Hazardous, Non-Biohazard, Pharmaceutical Waste Containers,Various Reorder Nos. UDI Compliant",label
FS20001513,,Formula Sheet
R7027MW,"Sharps Container, 1 Quart, 3% RM154 Red, In-house Regrind for Medical Waste",container
FS10003165,,Formula Sheet
WP8860,"FIP Gasketed Lid, PharmaSafety, 12 and 18 Gallon",lid assembly
FS10002897,,Formula Sheet
PT00013699,"Gasketed Lid, PharmaSafety, 12 and 18 Gallon",lid assembly
FS10003163,,Formula Sheet
FS10028283,,Formula Sheet
FS10021636,,Formula Sheet
R98184,FOAM TAPE FOR 1523SA,packaging
R1156C,"Corrugated Case, Printed, Generic, 10.5 Inch x 5.75 Inch x 4.625 Inch",packaging
R7472,HOLDER FOR 2.2 QT. CONTAINER,container
FS10003046,,Formula Sheet
PT00096177,"PharmaSafety Lid, Door and Cowl",container
R8516-1HB,85161H WL ENCL BULK SHIPPED 1,misc
R8550LGB,8550LG - LRG. GLV BOX/BULK,misc
8507SA,,fg
CL63R98346,"(COV) Printed Insert, IN-ROOM Sharps Disposal System",ifu
R1635A,"Corrugated Case. Printed, Generic, 19.00 Inch x 12.9375 Inch x 5.125Inch",packaging
FS10003153,,Formula Sheet
CL63R98173,"(COV) Printed Insert, Instruction Sheet, Drywall Anchors, Reorder No. 8556H",ifu
PT00048792,3x5 Ziploc bag,packaging
R98189,SHEET METAL SCREW,packaging
R98190,PLASTIC DRYWALL ANCHOR,packaging
FS10002888,,Formula Sheet
FS10003167,,Formula Sheet
FS10002816,,Formula Sheet
WP8825,2GAL PharmaSafety FIP SNAP CAP,lid assembly
FS10003159,,Formula Sheet
PT00068803,"Product Label, Printed, 5.0 Inch x 6.75 Inch, PHARMASAFETY Containers, with fill line Various Reorder Nos. UDI Compliant",label
FS10028182,,Formula Sheet
FS10003746,,Formula Sheet
FS10028174,,Formula Sheet
FS10003742,,Formula Sheet
FS10006146,,Formula Sheet
PT00034294,"Instructions for Use (IFU) Insert, McKesson Private Label, 8 Gallon, Reorder No. 80-8705",ifu
PT00046145,"Label, Printed, Product, McKesson Private Label, Reorder No. 80-8705",label
DC00041675,,Formula Sheet
FS10003182,,Formula Sheet
FS20001205,,Formula Sheet
WP8999,"FIP Gasketed Lid, Hinged, 12/18 Gallon",lid
PT00013703,"Gasketed Lid, Hinged, 12/18 Gallon",lid assembly
FS10003239,,Formula Sheet
WP8986,"Foam in Place Gasketed Lid, Hinged, 8 Gallon",lid assembly
PT00013707,"Gasketed Lid, Hinged, 8 Gallon",lid assembly
FS10003237,,Formula Sheet
FS10003101,,Formula Sheet
CL63R1769B,"Overshiper for NOVA PLUS, Product Code V8870",packaging
FS10029848,,Formula Sheet
FS10021635,,Formula Sheet
FS10028809,,Formula Sheet
FS10003185,,Formula Sheet
FS10002869,,Formula Sheet
FS10003162,,Formula Sheet
CL63R1603,"Corrugated Case, Printed, NovaPlus, 2 Gallon Sharps Disposal Container",packaging
FS10003255,,Formula Sheet
FS10026367,,Formula Sheet
FS10002815,,Formula Sheet
FS10003199,,Formula Sheet
FS10006041,,Formula Sheet
FS10007061,,Formula Sheet
CL63R1654,"Corrugated Case, Printed, NovaPlus, 19.375 Inch x 15.125 Inch x 21.875 Inch",packaging
FS10003257,,Formula Sheet
FS10006157,,Formula Sheet
FS10006143,,Formula Sheet
FS20001167,,Formula Sheet
PT00067916,"Printed Instruction for Use (IFU), Universal Pharmaceutical  Waste Disposal Containers, Hinged Lid",ifu
FS10003215,,Formula Sheet
FS10021634,,Formula Sheet
FS10003747,,Formula Sheet
WP7418,"Slide Top Hinged Gasketed Lid, 12 and 18 Gallon",lid assembly
FS10003240,,Formula Sheet
FS10003739,,Formula Sheet
WP7478,CHEMO CAP DISC ASSM,lid assembly
FS10003699,,Formula Sheet
X9894,PURGING SOLVENT S-235 A,purging solvent
X9898,Videojet Ink V411-D,PRINTER ACCESSORIES
X9899,Videojet Makeup Fluid V706-D,PRINTER ACCESSORIES
R98027,FOAM IN PLACE GASKET MATERIAL,packaging
R98028,"FOAM IN PLACE GASKET MATERIAL,",packaging
FS10007077,,Formula Sheet
WP7477,"Chemotherapy Hood with Printed Instruction Label, 8 /12 /18 Gallon",lid component hood
PT00012252,"Foam in Place (FIP) Gasketed Lid, Slide To[p, 12 and 18 Gallon Container, PGII",lid assembly
FS10003697,,Formula Sheet
R4237,"Product Label, Printed, Biomax Dot, Sharps Containers, Various Reorder Nos.",label
FS10002875,,Formula Sheet
FS10007078,,Formula Sheet
PT00012250,"Foam in Place (FIP) Gasketed Lid, Chemotherapy, 12 and 18 Gallon",lid assembly
FS10002948,,Formula Sheet
WP8520U,COWL & LID ASSM UNWINDER,lid assembly
FS10003120,,Formula Sheet
FS10003233,,Formula Sheet
FS10021633,,Formula Sheet
FS10021632,,Formula Sheet
FS10028285,,Formula Sheet
FS10003181,,Formula Sheet
FS10002817,,Formula Sheet
FS10003217,,Formula Sheet
PT00068683,"Product Label, Printed, Generic, With Fill Line, CHEMOSAFETY Waste Disposal Container, UDI Compliant",label
FS10002871,,Formula Sheet
FS10002872,,Formula Sheet
FS10002873,,Formula Sheet
FS10002982,,Formula Sheet
FS10002880,,Formula Sheet
CL63R3908,"(COV) Printed Label, Waste Disposal Container, Lid Instructions, Generic, Various Reorder Nos. Symbol No. CL63R3908",ifu
FS10027264,,Formula Sheet
CL63R1781,"Corrugated Case, Unprinted, 24.25 x 14.25 x 26.5 Inch",packaging
CL63R1782,"Corrugated Pad, Urinted, 11.25 Inch x 14.125 Inch",packaging
CL63R1783,"Corrugate Partition, Unprinted,  26.25 Inch x 26.5 Inch",packaging
FS10023483,,Formula Sheet
FS10023482,,Formula Sheet
FS10023481,,Formula Sheet
FS10006169,,Formula Sheet
FS10006132,,Formula Sheet
FS10026368,,Formula Sheet
FS10002818,,Formula Sheet
PT00044728,1 Slot Unassembled Partition  16.00 Inch X 14.00 Inch,packaging
PT00044732,1 Slot Unassembled Partition  16.00 Inch X 20.375 Inch,packaging
PT00044733,Corrugated Insert 5.625 Inch X 6.625 Inch,packaging
WP8540,SS4 HOOD LID & DOOR ASSEMBLY,lid assembly
FS10007855,,Formula Sheet
FS10007851,,Formula Sheet
WP3206,LID & SNAP CAP ASSEM/NO GASKET,lid assembly
FS10003230,,Formula Sheet
DC00005796,,Formula Sheet
FS10002826,,Formula Sheet
FS10003080,,Formula Sheet
WP7024K,Clear 2 Gallon Auto Drop Rotor Lid,lid assembly
FS10003047,,Formula Sheet
DC00072177,,Formula Sheet
PT00065943,Blue Liquid Colorant,colorant
PT00089213,"Label, Biohazard Used Medical Device",label
PT00096202,"FIP Gasketed Lid, Hinged, 12 and 18 Gallon Container, PGII, Sustainable Technologies",lid assembly
DC00072176,,Formula Sheet
CL63R1653,"Corrugated Case, Printed, NovaPlus, 19.375 Inch x 15.125 Inch x 21.875 Inch",packaging
FS10003256,,Formula Sheet
FS20003060,,Formula Sheet
CM285160071,Corrugated Carton Smartip 12ml Covidien,packaging
4500906,SMARTIP Cannula,cannula
FS10002863,,Formula Sheet
FS10003131,,Formula Sheet
R8930LA,BIOMAX FOAM IN PLACE LID,lid assembly
R1474,"Corrugated Divider, Unprinted, 39-3/8 Inch x 11 Inch",packaging
CL63R98211,Covidien Instruction Sheet for 30 Gallon,ifu
FS10002922,,Formula Sheet
R1741,UNPRINTED O/S FOR 30 GALLON,packaging
R5104,ABSRBANT PADS LG 9-7/8 X 5-5/8,PAD
PT00012247,BIOMAX Foam in Place Lid,lid assembly
FS10003176,,Formula Sheet
PT00068808,"Printed Product Label, Waste Disposal Container, Reorder No. 8930SA UDI Compliant",label
FS10006155,,Formula Sheet
FS10006136,,Formula Sheet
FS10003208,,Formula Sheet
FS10006135,,Formula Sheet
FS10003205,,Formula Sheet
FS10002868,,Formula Sheet
FS10028284,,Formula Sheet
FS10025555,,Formula Sheet
FS10003740,,Formula Sheet
FS10028280,,Formula Sheet
WP8964,LID AND ROTOR ASSEMBLY,lid assembly
FS20001497,,Formula Sheet
CL63R98226,"(COV) Printed Insert, Assembly and Usage Instructions, Reorder No. 8964",ifu
R1471B,"Corrugated Case, Printed, Generic, 31.0 Inch x 12.5 Inch x 13.875 Inch",packaging
FS10003195,,Formula Sheet
FS10024418,,Formula Sheet
FS10003748,,Formula Sheet
FS10003224,,Formula Sheet
R8535,TRAY / HOLDER FOR 8515,TRAY
R9242D,Overshipper for 8515,packaging
FS10003103,,Formula Sheet
FS10002810,,Formula Sheet
FS10003169,,Formula Sheet
FS10006068,,Formula Sheet
FS10006039,,Formula Sheet
FS10003138,,Formula Sheet
WP8965U,COWL & LID ASSM UNWINDER,lid assembly
FS10003201,,Formula Sheet
FS20001169,,Formula Sheet
WP8965MW,COWL & LID ASSY MED.WASTE,lid assembly
FS10003200,,Formula Sheet
FS10003184,,Formula Sheet
WP7445,8 GA HEAT STK LID RAILS DOORS,lid assembly
FS10003214,,Formula Sheet
FS10003123,,Formula Sheet
FS10002918,,Formula Sheet
WP8920,8920 LID & LOCKING ROTOR ATT.,lid assembly
R1158,DIVIDER FOR 8920,packaging
R1160D,"Corrugated Case, Printed, Generic",packaging
FS10003174,,Formula Sheet
FS10003348,,Formula Sheet
PT00016498,WHITE 8 GAL HINGED LID (X9820),lid assembly
FS10003346,,Formula Sheet
FS10028269,,Formula Sheet
R7611,19 GAL BIPCO LID,lid assembly
R1749,"Corrugated Scored Sheet, Unprinted, 15.875 Inch x 38.375 Inch, Holds 3 EA Lids, Reorder Nos. 31378089 and 31378097",packaging
R1748,"Corrugated Case, Unprinted, 16.250 Inch x 16.250 Inch x 41.875 Inch, Reorder Nos. 31378089 and 31378097",packaging
R1750,"Corrugated Scored Sheet, Unprinted, 30.125 Inch x 10.250 Inch, Supports 2 Lids, Reorder Nos. 31378089 & 31378097",packaging
CL63R98461A,"Printed Insert, SHARPS-A-GATOR and CHEM-O-GATOR 19 Gallon Container",ifu
FS10028268,,Formula Sheet
PT00006659,"Product Label, Printed, SHARPS-A-GATOR Sharps Collection and Disposal System, UDI Compliant",label
R7637,3-1/2 GAL TORTUOUS PATH LID,lid assembly
FS10024028,,Formula Sheet
R1695,INSERT DIVIDER FOR 3-1/2 GAL,packaging
R1694,U-PAD SCORED INSERT 3-1/2 GAL,PAD
R98405B,INST SHT FOR 3-1/2 GAL #884106,packaging
R1693,O/S FOR 3-1/2 GAL CONT,packaging
FS10006051,,Formula Sheet
FS20005412,,Formula Sheet
FS10025554,,Formula Sheet
FS10002802,,Formula Sheet
FS10002990,,Formula Sheet
PT00103021,"Resin, Polypropylene Impact Copolymer, Philips 66 COPYLENE CM350LN",resin
FS10003183,,Formula Sheet
DC00077846,,Formula Sheet
FS10002912,,Formula Sheet
DC00030203,,Formula Sheet
RM169,"Resin, Polypropylene",resin
FS20005529,,Formula Sheet
FS10002829,,Formula Sheet
FS10002964,,Formula Sheet
FS10007854,,Formula Sheet
FS10007848,,Formula Sheet
FS10028181,,Formula Sheet
FS10029259,,Formula Sheet
FS10003180,,Formula Sheet
FS10003178,,Formula Sheet
FS10023270,,Formula Sheet
PT00104295,"Sharps Container (SB), Yellow, 10 Gallon",container
R8554B,8554 DBL-UP WALL BRKT BULK,packaging
R1293D,"Corrugated Case, Printed, Generic, 21.5 Inch x 7.1875 Inch x 12.25 Inch",packaging
FS10003143,,Formula Sheet
FS10006121,,Formula Sheet
FS10006087,,Formula Sheet
WP7450,"Slide Top Hinged Gasketed Lid, 8 Gallon",lid assembly
FS10003238,,Formula Sheet
WP8850,8 GAL.PharmaSafety FIP GKT LID,lid assembly
PT00013696,"Gasketed Lid, PharmaSafety, 8 Gallon Container",lid assembly
FS10003161,,Formula Sheet
WP7417BL,"Hot Air Staker PharmaSafety Lid, 12/18 Gallon",lid assembly
FS20005713,,Formula Sheet
FS10021624,,Formula Sheet
WP7409,HOLDER BODY ASSEMBLED-BULKED,packaging
R3712,BAG-CLEAR POLY FOR AUTODROP,packaging
R1333D,Overshipper for 1511,packaging
CL63R9828,"(COV) Printed Insert, Instruction Sheet, AUTODROP Holder, Various Reorder Nos.",ifu
CL63R98338,"(COV) Printed Insert, AUTODROP Blood Needle Holder System",ifu
FS10003043,,Formula Sheet
FS10003042,,Formula Sheet
R7028MW,"2 Gallon, 3% RM154 Red, In-house Regrind for Medical Waste",container
FS10003209,,Formula Sheet
FS20002477,,Formula Sheet
R7089W-1,"2 GAL. HINGED LID, WHT, NO CAP",lid assembly
FS10003349,,Formula Sheet
FS10003347,,Formula Sheet
CL63R1146,"Corrugated Case, Printed, NovaPlus, 20.25 Inch x 17.625 Inch x 14.5 Inch",packaging
FS10003254,,Formula Sheet
FS10003743,,Formula Sheet
FS10006505,,Formula Sheet
RM070,BLUE COLORANT 25/1 BPC23456,colorant
FS10006506,,Formula Sheet
FS10006507,,Formula Sheet
3201413,3 Lobe Plunger Phantom,plunger
R9806,TRAY FOR 2 GAL IN-ROOM SERIES,TRAY
R1073D,"Corrugated Case, Printed, Generic, 14.375 Inch x 7.875 Inch x 6.5 Inch",packaging
FS10003141,,Formula Sheet
FS10003744,,Formula Sheet
CL63R1040,"Corrugated Case, Printed, NovaPlus, 25.375 Inch x 14.25 Inch x 10.6875 Inch",packaging
FS10003252,,Formula Sheet
FS20002479,,Formula Sheet
FS20002475,,Formula Sheet
FS20001170,,Formula Sheet
FS10002806,,Formula Sheet
CL63R98474A,"Printed Insert, FISHER HEALTHCARE, Phlebotomy Sharps Containers Reorder No. 31325410",ifu
CL63R1773,"Corrugated Case, Printed, Generic, 22.0 Inch X 10.875 Inch X 4.5 Inch",packaging
CL63R1774,"Corrugated  Insert, Unprinted 18.75 Inch X 4.5 Inch",packaging
FS20001322,,Formula Sheet
PT00047934,"Product Label, Printed, Private Label, Fisherbrand, Biohazard Waste Disposal Containers, Reorder No. 31325410",label
WP7029N,ASSEM.OF 8910 HOLDER&FOAM TAPE,packaging
R9366D,Overshipper for 8910,packaging
FS10003172,,Formula Sheet
FS20001165,,Formula Sheet
FS10002877,,Formula Sheet
FS10002878,,Formula Sheet
FS10002874,,Formula Sheet
FS10002949,,Formula Sheet
FS10006129,,Formula Sheet
R4395,"Product Label, Printed, RCRA Hazardous Waste, Fill Line, Various Reorder Nos.",label
WP0003PKG,"Label Kit, 14 Count",label kit
FS20001164,,Formula Sheet
PT00067915,"Printed Instruction for Use (IFU), Universal Pharmaceutical  Waste Disposal Containers, Counterbalance Lid",ifu
PT00075580,"RCRA Lid Assembly, Black",lid assembly
FS10007693,,Formula Sheet
FS10007694,,Formula Sheet
FS10007692,,Formula Sheet
FS10007696,,Formula Sheet
FS10007689,,Formula Sheet
R98350,"HOT STAMP FOIL - RED 1-1/4""",packaging
R98034,HOT STAMP FOIL - GLOSS BLACK,packaging
FS20002480,,Formula Sheet
WP7450BLNB,"Hot Air Staker, Non Hazardous, Non Biohazard, Pharmaceutical, Lid, 8 Gallon",lid assembly
FS20002478,,Formula Sheet
FS10003745,,Formula Sheet
PT00005153,"(COV) Printed Insert, RCRA 5 Quart Waste Disposal Containers, Various Reorder Nos.",ifu
FS10027014,,Formula Sheet
FS10007691,,Formula Sheet
FS10026587,,Formula Sheet
R7616,Sliding Door,lid component door
FS10026576,,Formula Sheet
PT00096237,2GAL FIP SNAP CAP  Sustainable Technologies,lid assembly
DC00072178,,Formula Sheet
DC00071388,,Formula Sheet
FS10003133,,Formula Sheet
R7046MW,"Changes per project R00000513: ?	Added RM165 to the BOM",discontinued
R7626,HOLDER FOR SSIV,TRAY
R1626A,Overshipper for 8549SA,packaging
FS10010281,,Formula Sheet
PT00016490,12/18 GAL. HINGED CHEMO LID,lid assembly
FS10013540,,Formula Sheet
R7545,HIDDEN BRCKET KEY MLDED(X7004),bracket key
R1594,O/S FOR KEYS - HIDDEN BRACKET,bracket key
FS10006161,,Formula Sheet
CL63R1768B,Overshipper for NovaPlus V8618 - Covidien  Rebranded,packaging
FS10029849,,Formula Sheet
FS20001168,,Formula Sheet
FS10002820,,Formula Sheet
R7028NMW,"Container, 2 Gallon, 3% Medical Waste",container
FS10020813,,Formula Sheet
4502575,,fg
WP7417BLNB,"Hot Air Staker, Non Hazardous, Non Biohazard, Pharmaceutical, Lid, 12/18 Gallon",lid assembly
FS20002481,,Formula Sheet
FS10002947,,Formula Sheet
R7417,LID CHEMOBASE 12/18 GAL(X1363),lid component lid
FS10013324,,Formula Sheet
FS20004277,,Formula Sheet
DC00017294,,Formula Sheet
R7624,SS4 COWL TOOL # 1417,lid component cowl
FS10006059,,Formula Sheet
RM036,"RESIN, LDPE, #GA-574189",resin
DC00094043,,Formula Sheet
FS10007073,,Formula Sheet
R4227,"Product Label, Printed, 1-1/2 Inch x 6-3/4 Inch, PharmaSafety Containers, Various Reorder Nos.",LABEL
RM164,"Resin, Kraton G1657MS/G1657VS",resin
FS10002862,,Formula Sheet
FS10002938,,Formula Sheet
R7634,LID FOR GATORGUARD,lid component
FS10007083,,Formula Sheet
RM10022317,#N/A,lid assembly
RM031,"RED, 50/1, PP, #RPC-667B",resin
FS10002987,,Formula Sheet
R1606,Z PAD FOR SSIV,packaging
DC00030196,,Formula Sheet
RM110,RESIN - POLYPROPYLENE 3620WZ,resin
FS10002989,,Formula Sheet
R1684,"Corrugated Pad, Unprinted, 19-1/2 Inch x 23-1/4 inch",packaging
FS10006061,,Formula Sheet
R7068,5QT DOOR & SCOOP ALWAYS OPEN,lid component
WP7477NB,"Pharmaceutical, Non Hazardous, Non Biohazard, Hood, With Printed Instruction Label, 8/18 Gallon.",lid component
PT00007239,"Colorant, Red, Concentrate",colorant
R7515P,"HINGED CHEMO LID, 12 & 18 GAL",lid component lid
R1674,SCORED SHEET FOR SSIV,packaging
R4371,"Printed Label, RCRA Hazardous Waste Container Toxic Class 6, Various Reorder Nos.",LABEL
FS10002801,,Formula Sheet
DC00030204,,Formula Sheet
0400145,#N/A,colorant
FS10002900,,Formula Sheet
R7515,12/18 GAL. HINGED CHEMO LID,lid component lid
FS10006060,,Formula Sheet
FS10002973,,Formula Sheet
RM175,"Resin, Linear Low Density Polyethylene  LL3001",resin
FS10002985,,Formula Sheet
RM063,"GREY, 10/1, PP, #CPC-8140",resin
R1701,O/S 3 Gallon In Room Container,packaging
RM060,RESIN-SANTOPRENE THERMOPLASTIC,resin
FS10002915,,Formula Sheet
CL63R1772,"Corrugate Inner Carton, Printed, Generic, 14.375 Inch X 13.375 Inch X 4.5 Inch",packaging
PT00007241,"Scrap Polypropylene Parts, Containers/Syringes",misc
FS10007859,,Formula Sheet
FS10002913,,Formula Sheet
FS10002955,,Formula Sheet
FS20006470,,Formula Sheet
FS10002970,,Formula Sheet
R7622,SS4 LID TOOL #1415,lid component lid
R7568,Tortuous Door,lid component door
DC00093992,,Formula Sheet
RM044,"RESIN, LDPE, U.S.I, #NA831-000",resin
RM041,"YELLOW,50/1,LDPE, #YCC-5533",colorant
FS10002860,,Formula Sheet
FS10002895,,Formula Sheet
PT00012251,"Foam in Place (FIP) Gasketed Lid, PharmaSafety, 12/18 Gallon",lid component lid
FS10002858,,Formula Sheet
FS10006062,,Formula Sheet
DC00069150,,Formula Sheet
FS10002991,,Formula Sheet
FS10003701,,Formula Sheet
FS10002861,,Formula Sheet
R1697,UNPRINTED O/S FOR 1 GA GP,packaging
FS10026328,,Formula Sheet
RM061,"WHITE, 30/1, #WMC-8612",colorant
R7449,8GAL CHEMO LID-SLIDETOP(X9895),lid component lid
DC00111059,,Formula Sheet
FS10002972,,Formula Sheet
0420650,#N/A,resin
FS10002901,,Formula Sheet
R4370,"Product Label, RCRA Ignitable Waste Container, Various Reorder Nos.",LABEL
FS10002840,,Formula Sheet
FS10027016,,Formula Sheet
R1612B,Overshipper for SSIV Container,packaging
FS10002981,,Formula Sheet
WP7623,SS4 HOT STAMPED DOOR,lid component door
DC00030197,,Formula Sheet
FS10002950,,Formula Sheet
R1159,INNER CARTON FOR 8920,packaging
R7524,"3 GALLON 5"" ROTOR",lid component rotor
FS10008159,,Formula Sheet
FS10002967,,Formula Sheet
0301009,#N/A,resin
RM042,"RED,50/1,LDPE, #RCC-5532",colorant
FS10027015,,Formula Sheet
FS10002986,,Formula Sheet
FS10002857,,Formula Sheet
FS10002940,,Formula Sheet
FS10002907,,Formula Sheet
RM072,"MOOSE TAN, 25/1, #TPC-1341-B",colorant
RM001,"RESIN,HIPS,ATOFINA #825",resin
FS10002800,,Formula Sheet
FS10021627,,Formula Sheet
R7075BR,RED SNAP CAP,lid component cap
FS10002881,,Formula Sheet
R7075BY,YELLOW SNAP CAP,lid component cap
FS10006159,,Formula Sheet
R7511*A,"Hinged Lid, White, 30 Gallon",lid component lid
R1685,"Corrugated Insert, Unprinted, 35-5/8 Inch x 35-1/2 Inch",packaging
FS10002851,,Formula Sheet
DC00069352,,Formula Sheet
DC00030198,,Formula Sheet
FS20002746,,Formula Sheet
CL63R4439,"Printed Label, Non-Hazardous, Non-Biohazard, Pharmaceutical Waste Containers, Lid Instructions, Product Codes 8851NB and 8871NB",ifu
R1106A,INNER CARTON FOR 1 QUART,packaging
FS10002803,,Formula Sheet
FS10021626,,Formula Sheet
DC00069353,,Formula Sheet
FS10021629,,Formula Sheet
FS20001324,,Formula Sheet
PT00089214,"Label, No Sharps, No Waste, No Batteries",label
FS10002951,,Formula Sheet
FS10027451,,Formula Sheet
FS10002992,,Formula Sheet
FS10002841,,Formula Sheet
DC00030205,,Formula Sheet
FS20006081,,Formula Sheet
DC00042617,,Formula Sheet
FS10007858,,Formula Sheet
FS20004333,,Formula Sheet
PT00012285,8 Gallon Slide Top Chemo Lid Foam in Place (FIP),lid component lid
FS20006469,,Formula Sheet
DC00017291,,Formula Sheet
RM018,"YELLOW, 25/1,HIPS,#YHC-9358-A",colorant
FS10002879,,Formula Sheet
R8249,WASHER - SMALL 8982/8990/8996,lid component washer
PT00097045,"Label, Hazardous Waste Pharmaceutical",label
FS10002996,,Formula Sheet
FS20006471,,Formula Sheet
R1703,D/C INSERT 44 3/16 X 12 1/4,packaging
FS10002804,,Formula Sheet
FS10002805,,Formula Sheet
R1686,"Corrugate 2-Slot Partition, Unprinted, 13-1/4 Inch x 19-1/2 Inch",packaging
FS10007856,,Formula Sheet
FS10002819,,Formula Sheet
FS10002837,,Formula Sheet
FS10003629,,Formula Sheet
R1683,"Corrugate Partition, Unprinted, 13-1/4 Inch x 23-1/4 Inch",packaging
FS10002854,,Formula Sheet
R7515BL,HINGED LID 12/18 GALLON BLUE,lid component lid
FS10006153,,Formula Sheet
FS10002937,,Formula Sheet
X9902,"Polybag, 13 Inch x 10 Inch",packaging
DC00017306,,Formula Sheet
DC00030201,,Formula Sheet
FS10026329,,Formula Sheet
FS10024029,,Formula Sheet
RM177,"Resin, Polypropylene, 8 IZOD Mixed Color Reprocessed",resin
FS10002899,,Formula Sheet
FS10027017,,Formula Sheet
FS10021625,,Formula Sheet
FS10002935,,Formula Sheet
FS20002483,,Formula Sheet
FS10002839,,Formula Sheet
FS10021631,,Formula Sheet
FS20002482,,Formula Sheet
FS10002842,,Formula Sheet
R1720,"Corrugate Case, Unprinted, 23.375 Inch x 19.625 Inch x 27.4375 Inch",packaging
RM162,"Resin, Polypropylene/PE, Covidien Blend, Blue",resin
FS10002941,,Formula Sheet
PT00012284,"Foam In Place Gasketed Lid, Chemotherapy, 8 Gallon",lid component lid
RM174,"Regrind, In-House, Dark",resin
FS10021630,,Formula Sheet
R7417P,12/18 GALLON SLIDE TOP LID,lid component lid
FS10027214,,Formula Sheet
R7067,5 QUART LID ALWAYS OPEN  ,lid component lid
FS10002954,,Formula Sheet
DC00034415,,Formula Sheet
FS10007860,,Formula Sheet
FS10007857,,Formula Sheet
R98178,"FOAM TAPE - 2"" DIA. †",packaging
170,170 TED-ANZIEHHILFE SEIDEN-SOCKEWX1 †,misc
